City_ID,City,Country,Lat,Lng,Max Temp,Humidity,Cloudiness,Wind Speed,Current Description
0,Hermanus,ZA,-34.4187,19.2345,59.9,73,100,1.88,overcast clouds
1,Carnarvon,AU,-24.8667,113.6333,75.27,50,0,26.46,clear sky
2,Batu Gajah,MY,4.4692,101.0411,80.62,76,91,3.13,overcast clouds
3,Iqaluit,CA,63.7506,-68.5145,-7.31,63,47,3.0,scattered clouds
4,Kruisfontein,ZA,-34.0033,24.7314,63.88,73,66,1.39,broken clouds
5,Nicoya,CR,10.1483,-85.452,72.95,83,59,1.57,broken clouds
6,Plettenberg Bay,ZA,-34.0527,23.3716,61.56,81,23,2.19,few clouds
7,Leh,IN,34.1667,77.5833,2.73,48,81,2.95,broken clouds
8,Iquique,CL,-20.2208,-70.1431,66.24,76,1,4.76,clear sky
9,Cape Town,ZA,-33.9258,18.4232,63.09,83,99,5.23,overcast clouds
10,Albany,US,42.6001,-73.9662,64.47,85,100,1.01,moderate rain
11,East London,ZA,-33.0153,27.9116,70.05,81,71,3.04,broken clouds
12,Lufilufi,WS,-13.8745,-171.5986,83.79,74,3,8.46,light rain
13,Beloha,MG,-25.1667,45.05,75.27,67,0,5.73,clear sky
14,Bukit Mertajam,MY,5.363,100.4667,82.15,75,51,3.83,broken clouds
15,Aktash,RU,50.3,87.7333,-4.0,69,99,5.44,overcast clouds
16,Port Elizabeth,ZA,-33.918,25.5701,66.09,80,74,3.6,broken clouds
17,Soldotna,US,60.4878,-151.0583,10.38,75,1,4.61,mist
18,Chachapoyas,PE,-6.2317,-77.869,55.33,98,84,3.13,broken clouds
19,Saldanha,ZA,-33.0117,17.9442,61.03,84,100,3.71,overcast clouds
20,Bluff,NZ,-46.6,168.3333,59.81,59,3,16.46,clear sky
21,New Norfolk,AU,-42.7826,147.0587,67.66,32,1,5.86,clear sky
22,Busselton,AU,-33.65,115.3333,65.08,42,6,11.07,clear sky
23,Cidreira,BR,-30.1811,-50.2056,68.49,80,83,8.39,broken clouds
24,Acari,PE,-15.4311,-74.6158,70.27,86,54,2.68,broken clouds
25,Dikson,RU,73.5069,80.5464,-14.19,83,100,7.65,overcast clouds
26,Qaanaaq,GL,77.484,-69.3632,-2.81,66,0,7.58,clear sky
27,Avarua,CK,-21.2078,-159.775,80.65,78,20,14.97,few clouds
28,Bambous Virieux,MU,-20.3428,57.7575,79.21,83,20,11.5,few clouds
29,Thompson,CA,55.7435,-97.8558,-15.34,100,40,0.38,scattered clouds
30,Tuktoyaktuk,CA,69.4541,-133.0374,-6.84,94,100,9.17,overcast clouds
31,Isabela,PH,6.7085,121.9711,85.8,70,100,6.33,overcast clouds
32,Port Alfred,ZA,-33.5906,26.891,68.74,88,97,6.42,overcast clouds
33,Ushuaia,AR,-54.8,-68.3,51.46,76,75,8.05,broken clouds
34,Luganville,VU,-15.5333,167.1667,84.81,75,100,11.86,overcast clouds
35,Sagua De Tanamo,CU,20.5819,-75.2414,73.44,91,17,4.07,few clouds
36,Atuona,PF,-9.8,-139.0333,79.38,72,79,14.72,broken clouds
37,Baherden,TM,38.4362,57.4316,46.71,79,0,0.54,clear sky
38,Guerrero Negro,MX,27.9769,-114.0611,63.73,60,0,10.74,clear sky
39,Bethel,US,41.3712,-73.414,65.03,89,90,5.01,light rain
40,Kungurtug,RU,50.5994,97.5228,-2.07,90,86,1.83,overcast clouds
41,Geraldton,AU,-28.7667,114.6,76.12,40,40,17.27,scattered clouds
42,Itoman,JP,26.1247,127.6694,74.17,55,20,4.61,few clouds
43,Tasiilaq,GL,65.6145,-37.6368,33.96,67,100,27.65,overcast clouds
44,Gazojak,TM,41.1875,61.4036,45.46,73,100,8.93,overcast clouds
45,Rikitea,PF,-23.1203,-134.9692,76.24,76,39,15.12,scattered clouds
46,Batticaloa,LK,7.7102,81.6924,81.03,79,57,8.37,broken clouds
47,Sagua La Grande,CU,22.8067,-80.0756,74.39,89,0,7.63,clear sky
48,Singaparna,ID,-7.3515,108.111,81.5,70,23,3.71,few clouds
49,Yellowknife,CA,62.456,-114.3525,8.42,98,100,3.0,light snow
50,Clyde River,CA,70.4692,-68.5914,-17.32,96,24,3.67,few clouds
51,Mataura,NZ,-46.1927,168.8643,59.49,28,1,3.33,clear sky
52,Port Augusta,AU,-32.5,137.7667,92.71,11,0,14.03,clear sky
53,Vaini,TO,-21.2,-175.2,86.16,79,20,8.05,few clouds
54,Castro,BR,-24.7911,-50.0119,68.92,50,100,2.39,overcast clouds
55,Manggar,ID,-2.8833,108.2667,82.69,74,100,10.16,overcast clouds
56,Fort Nelson,CA,58.8053,-122.7002,-8.39,99,91,4.36,overcast clouds
57,Moyamba,SL,8.1667,-12.4333,75.61,89,47,0.78,scattered clouds
58,Puerto Ayora,EC,-0.7393,-90.3518,69.55,93,77,5.01,broken clouds
59,Mar Del Plata,AR,-38.0023,-57.5575,66.87,90,89,25.99,overcast clouds
60,Bredasdorp,ZA,-34.5322,20.0403,58.28,74,100,3.47,overcast clouds
61,Hithadhoo,MV,-0.6,73.0833,79.61,80,100,5.03,overcast clouds
62,Burnie,AU,-41.0667,145.9167,65.91,48,3,12.01,clear sky
63,Punta Arenas,CL,-53.15,-70.9167,51.91,76,0,4.61,clear sky
64,Auki,SB,-8.7676,160.7034,78.55,90,100,5.99,overcast clouds
65,Markova,UA,48.6758,24.4138,32.27,99,100,3.09,snow
66,Provideniya,RU,64.3833,-173.3,-8.66,79,0,7.92,clear sky
67,Chuy,UY,-33.6971,-53.4616,61.5,84,0,6.91,clear sky
68,Vaijapur,IN,19.9167,74.7333,65.44,62,34,5.14,scattered clouds
69,Mizdah,LY,31.4451,12.9801,49.5,65,95,12.73,overcast clouds
70,Tura,IN,25.5198,90.2201,61.21,56,0,3.42,clear sky
71,Kuandian,CN,40.7286,124.7847,21.72,37,2,12.3,clear sky
72,Turukhansk,RU,65.8167,87.9833,-16.15,92,65,6.06,broken clouds
73,Panaba,MX,21.2833,-88.2667,73.47,86,26,9.78,scattered clouds
74,Shimsk,RU,58.212,30.7127,25.38,91,100,8.05,overcast clouds
75,Sao Joao Da Barra,BR,-21.6403,-41.0511,75.38,89,54,17.11,broken clouds
76,Kapaa,US,22.0752,-159.319,80.58,72,20,1.99,light rain
77,Polovinnoye,RU,54.7914,65.9864,1.04,97,6,5.48,clear sky
78,Hilton Head Island,US,32.2163,-80.7526,68.11,89,1,17.27,clear sky
79,Waipawa,NZ,-41.4122,175.5153,56.3,76,100,6.85,overcast clouds
80,Ponta Do Sol,PT,32.6667,-17.1,65.01,78,59,3.62,broken clouds
81,Oussouye,SN,12.485,-16.5469,74.17,83,98,4.79,overcast clouds
82,Coquimbo,CL,-29.9533,-71.3436,60.53,82,0,6.91,clear sky
83,Georgetown,MY,5.4112,100.3354,82.33,74,20,1.01,few clouds
84,Maues,BR,-3.3836,-57.7186,74.44,97,100,2.04,overcast clouds
85,Hilo,US,19.7297,-155.09,76.73,40,90,6.91,light rain
86,Chokurdakh,RU,70.6333,147.9167,-47.22,99,88,2.48,overcast clouds
87,Mezen,RU,65.8522,44.24,10.94,89,100,7.47,overcast clouds
88,Pevek,RU,69.7008,170.3133,-34.92,98,40,5.35,scattered clouds
89,Vardo,NO,70.3705,31.1107,27.61,84,95,16.22,overcast clouds
90,Kavaratti,IN,10.5669,72.642,80.87,74,16,7.31,few clouds
91,Pitimbu,BR,-7.4706,-34.8086,79.7,72,3,13.11,clear sky
92,Guilin,CN,25.2819,110.2864,54.75,71,100,12.3,overcast clouds
93,Souillac,MU,-20.5167,57.5167,79.36,83,20,11.5,few clouds
94,Arua,UG,3.0201,30.9111,65.53,48,99,3.29,overcast clouds
95,Jacareacanga,BR,-6.2222,-57.7528,73.89,98,100,2.93,heavy intensity rain
96,Khatanga,RU,71.9667,102.5,-45.11,100,51,3.67,broken clouds
97,Mahebourg,MU,-20.4081,57.7,79.25,83,20,11.5,few clouds
98,Faanui,PF,-16.4833,-151.75,81.01,71,98,7.09,light rain
99,Victor Harbor,AU,-35.5667,138.6167,93.2,29,4,4.05,clear sky
100,Nara,JP,34.6851,135.8049,61.97,51,64,4.7,broken clouds
101,Butaritari,KI,3.0707,172.7902,82.47,74,100,17.56,overcast clouds
102,Zeya,RU,53.75,127.2667,6.57,67,100,5.21,overcast clouds
103,Houma,US,29.5958,-90.7195,60.01,63,87,17.0,overcast clouds
104,Nioro,GM,13.35,-15.75,72.3,70,99,5.86,overcast clouds
105,Katsuura,JP,35.1333,140.3,62.19,70,43,19.98,scattered clouds
106,Victoria,HK,22.2855,114.1577,71.96,77,1,4.0,clear sky
107,Nikolskoye,RU,59.7035,30.7861,26.49,90,100,7.9,overcast clouds
108,Hobart,AU,-42.8794,147.3294,68.02,50,75,3.0,broken clouds
109,Esperance,AU,-33.8667,121.9,64.24,69,71,19.22,broken clouds
110,Jamestown,US,42.097,-79.2353,40.59,81,90,8.01,overcast clouds
111,Christchurch,NZ,-43.5333,172.6333,57.47,66,90,5.01,overcast clouds
112,Panchagarh,BD,26.3313,88.562,62.62,56,0,3.36,clear sky
113,Enshi,CN,30.3,109.4833,46.27,94,100,3.31,overcast clouds
114,Ribeira Grande,PT,38.5167,-28.7,62.11,72,100,19.24,overcast clouds
115,Toowoomba,AU,-27.55,151.9667,76.24,62,14,3.0,few clouds
116,Kritsa,GR,35.1667,25.65,61.43,62,8,13.53,clear sky
117,Isangel,VU,-19.55,169.2667,83.62,78,100,12.82,overcast clouds
118,Mawlaik,MM,23.6333,94.4167,65.46,60,57,1.86,broken clouds
119,Karratha,AU,-20.7377,116.8463,100.13,21,58,9.42,broken clouds
120,George,ZA,-33.963,22.4617,60.93,78,20,2.48,few clouds
121,Talnakh,RU,69.4865,88.3972,-25.8,81,97,0.85,overcast clouds
122,Kodiak,US,57.79,-152.4072,9.91,56,20,36.82,few clouds
123,Ilulissat,GL,69.2167,-51.1,19.42,53,100,6.91,overcast clouds
124,Malanje,AO,-9.5402,16.341,64.18,99,100,3.87,light rain
125,Foumban,CM,5.7291,10.9001,65.1,44,90,3.15,overcast clouds
126,Ambikapur,IN,23.1167,83.2,54.03,59,0,2.37,clear sky
127,Banjar,ID,-8.19,114.9675,84.06,68,83,3.42,broken clouds
128,Lavrentiya,RU,65.5833,-171.0,-14.12,84,7,8.16,clear sky
129,Campoalegre,CO,2.6849,-75.3231,72.5,92,100,1.97,overcast clouds
130,Lebu,CL,-37.6167,-73.65,52.34,90,16,6.55,few clouds
131,Sanary-Sur-Mer,FR,43.1178,5.8001,42.76,60,50,7.11,scattered clouds
132,Newport,GB,51.5877,-2.9984,55.17,93,100,14.65,overcast clouds
133,Porto Novo,BJ,6.4965,2.6036,79.11,82,41,4.88,scattered clouds
134,Yar-Sale,RU,66.8333,70.8333,-4.16,100,88,1.3,overcast clouds
135,Garh Maharaja,PK,30.8339,71.9053,56.95,28,100,2.44,overcast clouds
136,Pangnirtung,CA,66.1451,-65.7125,-10.86,82,4,4.27,clear sky
137,Trindade,BR,-16.6494,-49.4889,69.06,93,88,3.89,overcast clouds
138,Corinth,GR,37.9407,22.9573,59.68,68,30,11.01,scattered clouds
139,Narsaq,GL,60.9167,-46.05,19.62,85,78,3.49,broken clouds
140,Shadrinsk,RU,56.0852,63.6335,6.98,93,5,5.68,clear sky
141,Namibe,AO,-15.1961,12.1522,69.82,79,44,8.66,scattered clouds
142,Kangaatsiaq,GL,68.3065,-53.4641,22.33,84,89,1.7,overcast clouds
143,Cabo San Lucas,MX,22.8909,-109.9124,74.52,76,1,4.61,clear sky
144,Fraga,ES,41.5229,0.3489,43.63,88,7,2.73,clear sky
145,Garowe,SO,8.4054,48.4845,68.27,77,5,7.87,clear sky
146,Avera,US,33.194,-82.5271,63.72,85,100,14.09,light rain
147,Beira,MZ,-19.8436,34.8389,76.24,93,33,5.03,scattered clouds
148,Upernavik,GL,72.7868,-56.1549,3.97,89,100,10.07,overcast clouds
149,Saint-Philippe,RE,-21.3585,55.7679,76.55,80,85,11.72,light rain
150,Rafai,CF,4.95,23.9167,74.32,42,100,3.94,overcast clouds
151,Santiago,CL,-33.4569,-70.6483,62.85,65,20,8.05,few clouds
152,Pisco,PE,-13.7,-76.2167,65.01,88,0,14.97,clear sky
153,Camacha,PT,33.0833,-16.3333,62.02,77,40,8.05,scattered clouds
154,Margate,GB,51.3813,1.3862,52.97,91,99,1.99,overcast clouds
155,Rapid Valley,US,44.0625,-103.1463,40.05,52,1,1.99,clear sky
156,Oktyabrskiy,RU,54.4815,53.471,11.93,91,5,4.52,clear sky
157,Harper,LR,4.375,-7.7169,78.94,83,19,7.87,few clouds
158,Huilong,CN,31.8111,121.655,53.04,79,100,13.89,overcast clouds
159,Okhotsk,RU,59.3833,143.3,2.68,79,100,14.88,overcast clouds
160,Fairbanks,US,64.8378,-147.7164,-3.78,76,75,4.61,light snow
161,Jawhar,SO,2.7809,45.5005,72.64,88,5,10.69,clear sky
162,Aklavik,CA,68.2191,-135.0107,-1.48,93,100,19.53,overcast clouds
163,Oksfjord,NO,70.2396,22.3479,32.92,78,100,11.79,overcast clouds
164,Nanyuki,KE,0.0167,37.0728,51.58,82,67,4.21,broken clouds
165,Sao Filipe,CV,14.8961,-24.4956,74.41,71,60,5.88,broken clouds
166,Axim,GH,4.8699,-2.2405,79.05,86,13,5.46,few clouds
167,Haines Junction,CA,60.7522,-137.5108,3.2,97,100,4.14,overcast clouds
168,Tazovskiy,RU,67.4667,78.7,-12.66,84,100,6.26,overcast clouds
169,Arraial Do Cabo,BR,-22.9661,-42.0278,74.32,93,100,18.05,overcast clouds
170,Codrington,AU,-38.2667,141.9667,77.99,33,6,9.71,clear sky
171,Kharp,RU,66.8014,65.8081,12.27,90,100,6.85,overcast clouds
172,Bukama,CD,-9.2,25.85,67.66,93,96,3.36,overcast clouds
173,Plouzane,FR,48.3833,-4.6167,53.78,94,90,11.5,overcast clouds
174,Olinda,BR,-8.0089,-34.8553,82.13,69,40,8.05,scattered clouds
175,Phetchaburi,TH,12.9667,99.5833,75.79,60,7,5.48,clear sky
176,Da Nang,VN,16.0678,108.2208,75.18,83,75,4.61,broken clouds
177,Panuco,MX,22.05,-98.1667,71.78,48,95,19.44,overcast clouds
178,Cockburn Town,TC,21.4612,-71.1419,80.67,70,0,22.37,clear sky
179,Bandarbeyla,SO,9.4942,50.8122,76.84,79,63,19.73,light rain
180,Pervomayskoye,RU,43.919,46.7102,34.27,90,17,4.09,few clouds
181,Port-Gentil,GA,-0.7193,8.7815,78.19,88,100,13.15,overcast clouds
182,Sambava,MG,-14.2667,50.1667,72.5,77,85,6.87,overcast clouds
183,Biltine,TD,14.5333,20.9167,70.32,20,11,11.59,few clouds
184,Ngunguru,NZ,-35.6167,174.5,73.17,88,100,9.26,light rain
185,Westport,US,41.1415,-73.3579,65.89,94,90,5.01,light rain
186,Baiyin,CN,36.5583,104.2081,24.94,59,2,6.78,clear sky
187,San Severo,IT,41.6897,15.376,47.41,66,100,21.83,light rain
188,Kendari,ID,-3.945,122.4989,89.01,60,99,2.57,overcast clouds
189,Inongo,CD,-1.95,18.2667,72.18,92,100,2.77,overcast clouds
190,Ponta Delgada,PT,37.7333,-25.6667,65.5,100,75,19.57,broken clouds
191,Teya,RU,60.3778,92.6267,5.9,98,100,2.82,overcast clouds
192,Popondetta,PG,-8.7537,148.2534,92.28,54,92,6.53,overcast clouds
193,Constitucion,CL,-35.3333,-72.4167,51.87,87,0,7.36,clear sky
194,Aykhal,RU,66.0,111.5,-36.78,100,45,1.28,scattered clouds
195,Tuatapere,NZ,-46.1333,167.6833,59.83,40,0,8.86,clear sky
196,San Nicolas,PH,18.1725,120.5953,82.94,60,55,7.27,broken clouds
197,Kostomuksha,RU,64.571,30.5767,23.14,93,100,6.6,overcast clouds
198,Majene,ID,-3.5403,118.9707,77.56,89,99,3.33,moderate rain
199,Tiksi,RU,71.6872,128.8694,-16.04,99,99,3.89,overcast clouds
200,Kismayo,SO,-0.3582,42.5454,79.75,80,10,13.58,clear sky
201,Guangyuan,CN,32.442,105.823,45.88,59,1,5.08,clear sky
202,Sur,OM,22.5667,59.5289,67.64,68,0,2.84,clear sky
203,Bajil,YE,15.0584,43.2851,73.33,64,0,1.45,clear sky
204,Meulaboh,ID,4.1363,96.1285,79.72,83,34,2.68,scattered clouds
205,Crystal Beach,CA,42.8699,-79.0583,41.07,68,64,30.49,broken clouds
206,Zhigansk,RU,66.7697,123.3711,-10.26,98,100,8.99,overcast clouds
207,Torbay,CA,47.6666,-52.7314,35.76,94,100,5.01,overcast clouds
208,Kavieng,PG,-2.5744,150.7967,83.84,76,100,7.65,moderate rain
209,Hami,CN,42.8,93.45,22.03,39,0,1.25,clear sky
210,Shitkino,RU,56.3703,98.3543,25.63,96,100,9.48,snow
211,Tateyama,JP,34.9833,139.8667,62.1,65,15,21.23,few clouds
212,Ishigaki,JP,24.3448,124.1572,73.65,64,3,11.01,clear sky
213,Tutoia,BR,-2.7619,-42.2744,81.32,81,63,13.33,broken clouds
214,Atambua,ID,-9.1061,124.8925,84.65,64,65,2.28,broken clouds
215,Shakawe,BW,-18.3667,21.85,71.29,72,98,1.61,overcast clouds
216,Brufut,GM,13.3814,-16.7518,68.09,94,68,0.0,broken clouds
217,Lorengau,PG,-2.0226,147.2712,82.58,82,100,19.64,moderate rain
218,Saskylakh,RU,71.9167,114.0833,-43.89,100,84,1.57,broken clouds
219,Evensk,RU,61.95,159.2333,0.01,64,97,12.93,overcast clouds
220,Amahai,ID,-3.3333,128.9167,88.29,59,40,3.4,scattered clouds
221,Vilyuysk,RU,63.7553,121.6247,-30.53,99,99,3.8,overcast clouds
222,Tuburan,PH,6.6439,122.2736,84.29,72,100,5.57,overcast clouds
223,Zhuhai,CN,22.2769,113.5678,72.72,83,20,6.91,few clouds
224,Koumra,TD,8.9126,17.5539,73.63,24,92,4.7,overcast clouds
225,Jumla,NP,29.2747,82.1838,38.21,24,85,5.21,overcast clouds
226,Great Yarmouth,GB,52.6083,1.7305,51.94,96,100,13.0,overcast clouds
227,Zhangjiakou,CN,40.81,114.8794,18.43,38,0,11.59,clear sky
228,Kalabo,ZM,-14.97,22.6814,71.06,65,100,2.84,overcast clouds
229,Kulhudhuffushi,MV,6.6221,73.07,81.32,73,93,7.4,overcast clouds
230,Santa Cruz,BO,-17.8,-63.1667,74.66,94,75,3.44,broken clouds
231,Barrow,US,71.2906,-156.7887,-5.78,77,1,12.66,clear sky
232,Bilibino,RU,68.0546,166.4372,-40.83,99,18,3.42,few clouds
233,Requena,ES,39.4883,-1.1004,50.13,83,1,5.01,clear sky
234,Klaksvik,FO,62.2266,-6.589,45.52,76,97,27.87,overcast clouds
235,Prince Rupert,CA,54.3161,-130.3201,35.29,87,90,6.91,light snow
236,Longyearbyen,SJ,78.2186,15.6401,28.24,74,75,6.91,light snow
237,Te Anau,NZ,-45.4167,167.7167,64.31,38,5,3.2,clear sky
238,Namatanai,PG,-3.6667,152.4333,85.96,69,100,10.22,overcast clouds
239,Lata,PT,40.1629,-8.3327,50.81,93,8,2.73,clear sky
240,Nsunga,TZ,-1.1439,31.3947,65.17,90,100,1.19,light rain
241,Biak,ID,-0.9131,122.8766,82.78,71,100,1.25,overcast clouds
242,Ixtapa,MX,20.7,-105.2,76.23,83,1,0.0,clear sky
243,Nouadhibou,MR,20.931,-17.0347,67.37,49,48,14.76,scattered clouds
244,Manadhoo,MV,5.7667,73.3833,81.82,74,99,8.88,overcast clouds
245,Luderitz,NA,-26.6481,15.1594,59.52,82,51,13.29,broken clouds
246,Lewisporte,CA,49.2499,-55.0482,31.14,97,100,4.09,light snow
247,Sinop,TR,41.7711,34.8709,48.79,61,100,11.88,overcast clouds
248,Port Lincoln,AU,-34.7333,135.8667,83.44,34,88,10.16,overcast clouds
249,Itarema,BR,-2.9248,-39.9167,80.58,81,6,15.41,clear sky
250,Fomboni,KM,-12.28,43.7425,81.52,71,88,15.43,overcast clouds
251,Asau,RO,46.4333,26.4,41.95,85,100,4.56,overcast clouds
252,Ucluelet,CA,48.9329,-125.5528,43.09,74,95,1.99,overcast clouds
253,Contamana,PE,-7.3333,-75.0167,83.08,63,100,4.12,overcast clouds
254,Mutis,CO,6.2262,-77.4044,75.9,95,100,6.8,moderate rain
255,Bako,ET,5.7833,36.5667,61.66,39,53,5.3,broken clouds
256,Sola,VU,-13.8833,167.55,78.48,85,100,14.41,overcast clouds
257,Bonthe,SL,7.5264,-12.505,80.13,78,100,3.78,overcast clouds
258,Katobu,ID,-4.9408,122.5276,84.52,72,100,7.99,overcast clouds
259,Goiatuba,BR,-18.0125,-49.3547,72.7,75,96,7.47,overcast clouds
260,Stornoway,GB,58.2093,-6.3865,42.76,88,75,1.01,broken clouds
261,Belmonte,BR,-15.8631,-38.8828,77.5,88,8,6.91,clear sky
262,Ust-Shonosha,RU,61.1531,41.343,8.98,88,31,6.67,scattered clouds
263,Puri,IN,19.8,85.85,74.37,74,5,8.37,clear sky
264,Kaitangata,NZ,-46.2817,169.8464,55.92,54,9,9.42,clear sky
265,Sorgun,TR,39.8101,35.186,39.92,67,99,3.94,overcast clouds
266,Pundaguitan,PH,6.3711,126.1689,82.51,76,85,7.45,overcast clouds
267,Montepuez,MZ,-13.1256,38.9997,65.77,98,81,2.71,broken clouds
268,Waingapu,ID,-9.6567,120.2641,86.45,66,30,2.95,scattered clouds
269,Lompoc,US,34.6391,-120.4579,56.12,76,1,0.0,clear sky
270,Grindavik,IS,63.8424,-22.4338,41.47,93,75,17.27,light rain
271,Praya,CV,14.9215,-23.5087,72.14,78,20,11.5,few clouds
272,Itaituba,BR,-4.2761,-55.9836,74.93,99,97,1.36,overcast clouds
273,Caravelas,BR,-17.7125,-39.2481,74.1,95,11,5.46,few clouds
274,Pingliang,CN,35.5392,106.6861,28.96,55,97,3.22,overcast clouds
275,La Ronge,CA,55.1001,-105.2842,12.45,79,75,3.44,broken clouds
276,Boa Vista,BR,2.8197,-60.6733,76.98,88,75,5.75,light rain
277,Matagami,CA,49.7502,-77.6328,21.31,86,90,17.27,light snow
278,Katete,UG,-0.7818,29.7544,63.66,89,100,2.06,overcast clouds
279,Canete,CL,-37.8,-73.4,48.85,96,29,1.54,scattered clouds
280,San Juan De Los Lagos,MX,21.25,-102.3,60.1,24,11,0.69,few clouds
281,Rawson,AR,-43.3002,-65.1023,70.25,28,0,12.01,clear sky
282,Hambantota,LK,6.1241,81.1185,79.59,78,97,13.35,overcast clouds
283,Cherskiy,RU,68.75,161.3,-45.67,99,35,3.49,scattered clouds
284,Urumqi,CN,43.801,87.6005,-4.85,84,1,2.24,mist
285,Manzini,SZ,-26.25,31.5,71.67,71,14,2.62,few clouds
286,Mount Darwin,ZW,-16.7725,31.5838,67.26,57,1,4.14,clear sky
287,Gizo,SB,-8.103,156.8419,84.97,74,81,13.78,light rain
288,Matay,EG,28.419,30.7792,61.74,50,100,7.31,overcast clouds
289,Laguna,US,38.421,-121.4238,53.06,72,1,0.0,clear sky
290,Komsomolskiy,UZ,40.4272,71.7189,36.82,44,73,2.3,broken clouds
291,Portland,US,45.5234,-122.6762,48.61,95,90,1.99,overcast clouds
292,Seoul,KR,37.5683,126.9778,42.31,39,31,14.92,scattered clouds
293,Castro Alves,BR,-12.7656,-39.4283,69.89,97,25,3.94,light rain
294,Turayf,SA,31.6725,38.6637,48.45,71,0,11.5,clear sky
295,Broken Hill,AU,-31.95,141.4333,83.25,17,0,3.24,clear sky
296,Severo-Kurilsk,RU,50.6789,156.125,32.7,98,100,26.69,snow
297,Arlit,NE,18.7369,7.3853,65.77,9,93,2.24,overcast clouds
298,Qasigiannguit,GL,68.8193,-51.1922,19.65,81,96,7.07,overcast clouds
299,Tete,MZ,-16.1564,33.5867,84.29,54,20,6.91,few clouds
300,Saint-Pierre,RE,-21.3393,55.4781,76.64,74,0,8.05,clear sky
301,Acapulco,MX,16.8634,-99.8901,78.62,83,40,0.0,scattered clouds
302,Airai,TL,-8.9266,125.4092,73.02,70,53,1.14,broken clouds
303,Umm Kaddadah,SD,13.6017,26.6876,64.13,27,1,11.86,clear sky
304,Karlovac,HR,45.4872,15.5478,35.01,91,36,2.77,scattered clouds
305,Mount Isa,AU,-20.7333,139.5,96.57,9,0,6.91,clear sky
306,Maceio,BR,-9.6658,-35.7353,78.24,88,40,5.75,scattered clouds
307,Mumford,GH,5.2618,-0.759,80.15,83,57,6.85,broken clouds
308,Tuy Hoa,VN,13.0833,109.3,75.0,88,99,10.33,overcast clouds
309,Vanavara,RU,60.34,102.2797,2.19,99,100,2.8,overcast clouds
310,Rocha,UY,-34.4833,-54.3333,58.14,94,0,6.73,clear sky
311,Leshan,CN,29.5623,103.7639,53.35,68,75,2.93,broken clouds
312,Fethiye,TR,36.6217,29.1164,66.07,68,46,7.16,scattered clouds
313,Kavali,IN,14.9167,79.9833,77.43,81,22,8.48,few clouds
314,Wasilla,US,61.5814,-149.4394,9.52,76,75,4.61,broken clouds
315,Kiunga,PG,-6.1219,141.2906,77.41,93,100,0.96,overcast clouds
316,Liling,CN,27.6667,113.5,49.89,83,100,6.53,overcast clouds
317,Valleyview,CA,55.0667,-117.2859,19.44,73,39,9.22,scattered clouds
318,Deputatskiy,RU,69.3,139.9,-29.33,100,97,1.57,overcast clouds
319,Aleksandriyskaya,RU,44.2272,43.3453,35.64,93,66,7.0,broken clouds
320,Asyut,EG,27.181,31.1837,65.53,29,100,5.26,overcast clouds
321,Nuuk,GL,64.1835,-51.7216,25.41,86,75,12.66,light shower snow
322,Grenville,GD,12.1167,-61.6167,80.65,79,100,19.55,overcast clouds
323,Zlobin,HR,45.2924,14.6541,34.9,54,0,6.91,clear sky
324,Australind,AU,-33.2667,115.7167,66.06,37,2,7.63,clear sky
325,Kelowna,CA,49.8831,-119.4857,38.28,85,90,4.61,overcast clouds
326,Kattivakkam,IN,13.2167,80.3167,80.08,89,70,12.48,broken clouds
327,Kuruman,ZA,-27.4524,23.4325,70.59,60,100,16.75,overcast clouds
328,Hoa Binh,VN,20.8133,105.3383,67.89,65,27,1.77,scattered clouds
329,Shimoda,JP,34.6667,138.95,64.76,60,5,17.47,clear sky
330,Kudahuvadhoo,MV,2.6708,72.8944,79.36,83,98,20.6,overcast clouds
331,Altamira,BR,-3.2033,-52.2064,74.55,96,100,1.52,overcast clouds
332,Paamiut,GL,61.994,-49.6678,25.36,89,100,24.99,overcast clouds
333,Eldorado,BR,-23.7869,-54.2836,74.08,29,100,2.77,overcast clouds
334,Ardmore,US,34.1743,-97.1436,44.26,46,1,0.0,clear sky
335,Tual,ID,-5.6667,132.75,83.61,74,94,12.97,overcast clouds
336,Yarmouth,US,41.7057,-70.2286,64.45,97,90,14.97,mist
337,Salalah,OM,17.0151,54.0924,75.29,35,0,8.05,clear sky
338,Kuah,MY,6.3265,99.8432,82.4,69,20,9.22,few clouds
339,Haapiti,PF,-17.5667,-149.8667,83.93,71,15,8.08,light rain
340,Hamilton,US,39.1834,-84.5333,36.63,76,1,1.01,clear sky
341,Lagoa,PT,39.05,-27.9833,60.82,71,98,22.84,overcast clouds
342,Camabatela,AO,-8.1881,15.375,63.72,99,100,1.92,moderate rain
343,Gorin,RU,51.1983,136.6669,16.45,92,100,6.4,light snow
344,Praia Da Vitoria,PT,38.7333,-27.0667,62.85,94,40,13.67,scattered clouds
345,Maarianhamina,AX,60.0973,19.9348,31.86,100,90,2.3,overcast clouds
346,Olafsvik,IS,64.8945,-23.7142,39.94,89,93,18.37,moderate rain
347,Altay,CN,47.8667,88.1167,12.4,54,0,7.85,clear sky
348,Labuhan,ID,-6.8844,112.2051,83.59,70,99,4.63,overcast clouds
349,Tilichiki,RU,60.4667,166.1,-10.82,81,15,10.27,few clouds
350,Sabang,ID,5.8933,95.3214,82.74,74,61,22.75,broken clouds
351,Nayagarh,IN,20.1333,85.1,67.39,82,21,1.99,few clouds
352,Rawlins,US,41.7911,-107.2387,28.62,59,1,14.97,clear sky
353,Constantine,DZ,36.365,6.6147,42.21,81,75,6.91,broken clouds
354,Samarai,PG,-10.6167,150.6667,85.77,71,63,17.52,broken clouds
355,Champerico,GT,14.3,-91.9167,80.29,79,0,10.04,clear sky
356,Gornopravdinsk,RU,60.05,69.9,1.69,98,76,4.47,broken clouds
357,Fengcheng,CN,40.4536,124.0717,25.3,34,2,16.33,clear sky
358,Husavik,IS,66.0449,-17.3389,40.03,80,87,22.08,overcast clouds
359,Anadyr,RU,64.75,177.4833,-30.5,75,16,11.18,fog
360,Yatou,CN,37.15,122.3833,37.24,48,85,20.76,overcast clouds
361,Kanniyakumari,IN,8.0833,77.5667,78.24,83,15,20.24,few clouds
362,Ulladulla,AU,-35.35,150.4667,67.77,71,97,10.67,overcast clouds
363,Palmer,US,42.1584,-72.3287,63.73,82,90,13.0,overcast clouds
364,Aswan,EG,24.0934,32.907,69.6,64,100,5.86,overcast clouds
365,Alcaniz,ES,41.05,-0.1333,57.43,88,31,13.24,scattered clouds
366,Port Hueneme,US,34.1478,-119.1951,60.62,54,1,0.0,clear sky
367,Vestmannaeyjar,IS,63.4427,-20.2734,44.6,86,100,29.53,overcast clouds
368,Liuzhou,CN,24.3126,109.3892,62.44,63,85,16.02,overcast clouds
369,Ambilobe,MG,-13.2,49.05,68.92,79,62,3.76,broken clouds
370,Sept-Iles,CA,50.2001,-66.3821,26.06,95,90,10.0,snow
371,Los Llanos De Aridane,ES,28.6585,-17.9182,62.35,80,75,5.99,broken clouds
372,Lincoln,US,40.8,-96.667,36.84,63,1,1.99,clear sky
373,Tiznit,MA,29.5833,-9.5,57.34,34,0,4.23,clear sky
374,Ancud,CL,-41.8697,-73.8203,49.53,72,62,18.39,broken clouds
375,Hasaki,JP,35.7333,140.8333,59.4,59,71,16.89,broken clouds
376,Bengkulu,ID,-3.8004,102.2655,74.73,94,100,2.51,overcast clouds
377,Anchorage,US,61.2181,-149.9003,10.44,55,40,3.44,scattered clouds
378,Norman Wells,CA,65.282,-126.8329,-3.96,71,90,14.97,light snow
379,Udachnyy,RU,66.4167,112.4,-45.45,100,74,1.19,broken clouds
380,Nagato,JP,34.3833,131.2,60.75,62,22,14.97,few clouds
381,Mana,GF,5.6592,-53.7767,77.47,89,100,8.48,light rain
382,Kamennogorsk,RU,60.9545,29.1339,25.84,94,100,6.91,overcast clouds
383,Zhucheng,CN,35.9947,119.3975,39.34,39,72,18.9,broken clouds
384,Matara,LK,5.9485,80.5353,77.34,83,90,7.81,overcast clouds
385,Azangaro,PE,-14.9167,-70.2167,48.87,53,89,3.0,overcast clouds
386,Port-Cartier,CA,50.0334,-66.8654,25.75,95,100,26.06,snow
387,Carutapera,BR,-1.195,-46.02,78.93,78,26,7.49,scattered clouds
388,Denia,ES,38.8408,0.1057,61.84,64,8,3.0,clear sky
389,Touros,BR,-5.1989,-35.4608,79.7,73,1,15.08,clear sky
390,Chapais,CA,49.7834,-74.8492,33.58,100,100,11.25,overcast clouds
391,San Pedro,PH,14.35,121.0167,83.43,71,75,2.3,broken clouds
392,Aksarka,RU,66.5606,67.7975,-3.87,98,98,0.54,overcast clouds
393,Arona,ES,28.0996,-16.681,60.73,64,20,10.36,few clouds
394,Arman,RU,59.7,150.1667,16.02,82,100,5.84,overcast clouds
395,Baragua,CU,21.6967,-78.6328,72.41,93,0,8.21,clear sky
396,Chernyshevskiy,RU,63.0128,112.4714,-46.52,100,64,2.26,broken clouds
397,Oneida,US,43.2001,-75.4663,44.58,68,90,11.99,overcast clouds
398,Sinnamary,GF,5.3833,-52.95,77.45,92,100,11.54,light rain
399,Saint-Ambroise,CA,48.5501,-71.3324,32.58,96,100,14.2,snow
400,Dunedin,NZ,-45.8742,170.5036,56.79,56,15,9.82,few clouds
401,Wilmington,US,34.2257,-77.9447,69.98,83,1,12.66,clear sky
402,Aksu,CN,41.1231,80.2644,18.72,77,0,0.58,clear sky
403,Sobolevo,RU,54.4299,31.8996,30.92,98,100,10.31,snow
404,San Patricio,US,28.017,-97.5169,57.83,34,85,13.24,overcast clouds
405,Sokoni,TZ,-6.4333,39.55,78.66,77,93,4.97,light rain
406,San Carlos De Bariloche,AR,-41.1456,-71.3082,44.35,76,75,23.02,broken clouds
407,Northam,GB,51.0333,-4.2167,55.38,98,96,17.74,overcast clouds
408,North Bend,US,43.4065,-124.2243,49.91,95,90,24.16,mist
409,Salinopolis,BR,-0.6136,-47.3561,80.8,79,9,11.86,clear sky
410,Port Blair,IN,11.6667,92.75,82.38,70,6,14.74,clear sky
411,Sibolga,ID,1.7427,98.7792,82.81,74,44,1.43,scattered clouds
412,Fort Saint James,CA,54.4333,-124.25,20.97,89,100,2.86,overcast clouds
413,Whyalla,AU,-33.0333,137.5833,91.29,14,3,16.11,clear sky
414,Orlik,RU,52.5178,99.825,-3.12,92,100,2.42,overcast clouds
415,Lokosovo,RU,61.1333,74.8167,0.37,94,84,9.82,broken clouds
416,Ilhabela,BR,-23.7781,-45.3581,72.14,87,97,8.43,overcast clouds
417,Korla,CN,41.7597,86.1469,20.07,78,6,2.51,clear sky
418,Poum,NC,-20.2333,164.0167,81.68,79,100,16.4,overcast clouds
419,Verkhoturye,RU,58.8627,60.8054,8.94,86,86,4.47,overcast clouds
420,Alice Springs,AU,-23.7,133.8833,92.75,13,0,4.61,clear sky
421,Tabas,IR,33.5959,56.9244,51.08,38,0,5.28,clear sky
422,Celestun,MX,20.8667,-90.4,80.1,75,98,11.77,overcast clouds
423,Bud,US,39.447,-86.1758,34.59,80,0,9.01,clear sky
424,Alta Floresta,BR,-9.8756,-56.0861,72.52,99,100,2.08,overcast clouds
425,Saint-Joseph,RE,-21.3667,55.6167,75.56,79,72,9.62,broken clouds
426,Mecca,SA,21.4267,39.8261,72.1,64,100,3.11,overcast clouds
427,Taltal,CL,-25.4,-70.4833,63.59,75,0,2.33,clear sky
428,Westminster,US,39.8367,-105.0372,43.36,34,40,1.99,scattered clouds
429,Vila Franca Do Campo,PT,37.7167,-25.4333,65.19,87,100,17.11,overcast clouds
430,Loralai,PK,30.3705,68.598,40.82,24,46,2.04,scattered clouds
431,Polunochnoye,RU,60.8697,60.4153,9.66,83,86,6.53,overcast clouds
432,Nassau,US,40.7507,-73.5829,66.74,80,90,7.0,overcast clouds
433,San Cristobal,VE,7.7669,-72.225,69.98,95,49,3.04,scattered clouds
434,Apastovo,RU,55.2029,48.5109,7.11,90,11,4.18,few clouds
435,Kahului,US,20.8947,-156.47,81.66,73,20,24.16,few clouds
436,Finnsnes,NO,69.2296,17.9811,28.35,88,100,5.12,light snow
437,Pacific Grove,US,36.6177,-121.9166,51.48,80,1,1.99,clear sky
438,Taseyevo,RU,57.2169,94.8978,20.59,89,100,6.89,overcast clouds
439,Nanortalik,GL,60.1432,-45.2371,25.86,80,95,25.66,overcast clouds
440,Honningsvag,NO,70.9821,25.9704,31.86,73,100,15.93,overcast clouds
441,Conceicao Do Araguaia,BR,-8.2578,-49.2647,75.06,93,100,2.71,overcast clouds
442,Brandon,US,27.9378,-82.2859,73.36,92,1,0.0,clear sky
443,Eydhafushi,MV,5.1033,73.0708,81.05,76,100,8.14,overcast clouds
444,Huarmey,PE,-10.0681,-78.1522,68.11,83,32,8.61,scattered clouds
445,Kilemary,RU,56.7783,46.8659,7.57,93,47,4.14,scattered clouds
446,Padang,ID,-0.9492,100.3543,84.25,78,78,1.83,broken clouds
447,Yumen,CN,40.2833,97.2,19.78,56,0,5.68,clear sky
448,Medvedok,RU,57.3891,50.0351,-1.23,99,58,1.68,broken clouds
449,Daru,PG,-9.0763,143.2092,86.97,65,100,10.56,overcast clouds
450,Amapa,BR,1.0,-52.0,72.81,99,100,2.53,overcast clouds
451,Kolosovka,RU,56.4678,73.611,-1.35,98,9,7.18,clear sky
452,Kibungo,RW,-2.1597,30.5427,63.52,94,100,1.57,light rain
453,Azul,AR,-36.777,-59.8585,73.35,66,60,6.89,broken clouds
454,Salta,AR,-24.7859,-65.4117,71.89,77,40,1.99,scattered clouds
455,Doha,QA,25.2867,51.5333,64.38,57,0,4.61,clear sky
456,Sringeri,IN,13.4167,75.25,72.5,90,30,4.09,scattered clouds
457,Colomi,BO,-17.35,-65.8667,60.82,87,100,5.1,overcast clouds
458,Sitka,US,57.0531,-135.33,31.89,74,75,5.75,broken clouds
459,Tigil,RU,57.8,158.6667,22.55,80,100,7.11,overcast clouds
460,Shangrao,CN,28.4532,117.9686,54.64,76,100,3.0,overcast clouds
461,Krasnogvardeyskoye,RU,45.8456,41.5186,35.65,85,8,14.23,clear sky
462,West Wendover,US,40.7391,-114.0733,25.81,68,1,3.44,clear sky
463,Verkh-Usugli,RU,52.7,115.1667,-4.88,84,22,1.7,few clouds
464,Progreso,MX,21.2833,-89.6667,81.1,74,95,13.24,overcast clouds
465,Svobodnyy,RU,51.4,128.1333,9.73,88,100,13.53,overcast clouds
466,Teguise,ES,29.0605,-13.564,59.22,77,40,9.22,scattered clouds
467,Xining,CN,36.6167,101.7667,18.0,66,45,2.46,scattered clouds
468,Nemuro,JP,43.3236,145.575,45.03,71,11,5.37,few clouds
469,Obo,CF,5.3998,26.4869,75.13,40,50,4.79,scattered clouds
470,Roald,NO,62.5833,6.1333,41.14,75,75,10.36,broken clouds
471,Peniche,PT,39.3558,-9.3811,51.1,89,43,10.2,scattered clouds
472,Inuvik,CA,68.3499,-133.7218,-1.44,84,90,10.36,light snow
473,Esmeralda,CU,21.8525,-78.1169,74.44,92,0,6.6,clear sky
474,Tekirdag,TR,40.978,27.5085,60.15,72,100,22.73,light rain
475,Leningradskiy,RU,69.3833,178.4167,-30.12,94,38,6.33,scattered clouds
476,Pasighat,IN,28.0667,95.3333,64.96,51,0,1.34,clear sky
477,Concepcion Del Oro,MX,24.6333,-101.4167,57.69,33,89,2.17,overcast clouds
478,Turiacu,BR,-1.6633,-45.3717,76.39,86,47,4.83,scattered clouds
479,Washougal,US,45.5826,-122.3534,48.36,95,90,8.05,overcast clouds
480,Tautira,PF,-17.7333,-149.15,84.22,73,42,8.32,scattered clouds
481,Maragogi,BR,-9.0122,-35.2225,78.01,81,7,10.47,clear sky
482,Egvekinot,RU,66.3167,-179.1667,-26.84,80,23,5.37,few clouds
483,Saint George,US,37.1041,-113.5841,40.62,52,1,1.99,clear sky
484,Gdynia,PL,54.5189,18.5319,31.05,88,75,3.44,broken clouds
485,Oga,IT,46.4631,10.347,16.68,97,83,7.54,broken clouds
486,Batsfjord,NO,70.6345,29.7185,26.33,79,97,10.4,overcast clouds
487,Laramie,US,41.3114,-105.5911,34.86,45,20,8.99,few clouds
488,Moron,AR,-34.6534,-58.6198,76.01,72,63,4.0,broken clouds
489,Suntar,RU,62.1444,117.6319,-34.67,100,30,2.77,scattered clouds
490,Ibipeba,BR,-11.6408,-42.0111,69.69,95,100,5.17,overcast clouds
491,Atakpame,TG,7.5333,1.1333,74.8,57,100,3.09,overcast clouds
492,Yerbogachen,RU,61.2767,108.0108,-6.25,98,100,5.84,light snow
493,Muana,BR,-1.5283,-49.2167,76.5,93,54,4.45,broken clouds
494,Kirakira,SB,-10.4544,161.9205,82.15,85,100,10.45,overcast clouds
495,Khasan,RU,42.4308,130.6434,26.37,55,3,28.7,clear sky
496,Moose Factory,CA,51.2585,-80.6094,24.8,93,90,13.8,snow
497,Bull Savanna,JM,17.8868,-77.5902,74.1,83,1,5.57,clear sky
498,Qeshm,IR,26.9581,56.2719,58.89,67,5,4.85,clear sky
499,Raudeberg,NO,61.9875,5.1352,40.87,73,100,4.0,overcast clouds
500,Kaniama,CD,-7.5667,24.1833,65.95,96,100,1.99,overcast clouds
501,Pierre,US,44.3683,-100.351,31.28,65,1,5.01,clear sky
502,Yurimaguas,PE,-5.9,-76.0833,77.18,82,100,2.48,overcast clouds
503,Nabire,ID,-3.3667,135.4833,88.18,60,67,4.18,broken clouds
504,Nouakchott,MR,18.0858,-15.9785,71.53,29,89,11.97,overcast clouds
505,Taldan,RU,53.6667,124.8,2.73,57,16,8.52,few clouds
506,Benguela,AO,-12.5763,13.4055,76.93,85,97,3.94,overcast clouds
507,Forbes,AU,-33.3833,148.0167,76.89,34,0,5.5,clear sky
508,Ntungamo,UG,-0.8833,29.65,65.97,89,100,2.66,overcast clouds
509,Beringovskiy,RU,63.05,179.3167,-22.79,97,45,5.7,scattered clouds
510,Visnes,NO,59.3556,5.2242,40.21,87,75,21.85,light intensity drizzle rain
511,Baijiantan,CN,45.6333,85.1833,10.29,78,2,3.69,clear sky
512,Ust-Ordynskiy,RU,52.805,104.7508,19.24,87,100,4.59,overcast clouds
513,Tymovskoye,RU,50.8456,142.655,23.04,91,97,4.43,overcast clouds
514,Mayumba,GA,-3.432,10.6554,76.42,92,100,5.21,light rain
515,Petropavlovsk-Kamchatskiy,RU,53.0452,158.6483,32.59,80,75,15.66,light snow
516,Itagiba,BR,-14.2836,-39.8428,70.03,99,46,0.69,scattered clouds
517,Atasu,KZ,48.6814,71.6433,15.17,91,88,4.16,overcast clouds
518,Chara,RU,56.9064,118.2631,-20.25,74,59,1.48,broken clouds
519,Kilis,TR,36.7161,37.115,41.23,69,9,7.09,clear sky
520,Iskateley,RU,67.6803,53.1512,20.25,95,100,17.02,light snow
521,Gazanjyk,TM,39.2446,55.5154,45.55,84,7,0.89,clear sky
522,Linxia,CN,35.6003,103.2064,22.77,77,37,1.14,scattered clouds
523,Iwaki,JP,37.05,140.8833,59.77,68,100,1.01,overcast clouds
524,Mareeba,AU,-17.0,145.4333,90.45,57,46,6.2,scattered clouds
525,Humaita,BR,-7.5061,-63.0208,75.07,97,100,2.62,overcast clouds
526,Primorsk,UA,46.7348,36.3443,40.19,86,100,18.1,overcast clouds
527,Hobyo,SO,5.3505,48.5268,77.7,81,26,18.07,scattered clouds
528,Ayan,RU,56.45,138.1667,13.44,69,100,9.55,overcast clouds
529,Genoa,IT,44.4129,8.9573,46.31,53,0,4.0,clear sky
530,San Quintin,MX,30.4833,-115.95,58.44,61,0,8.84,clear sky
531,Ilebo,CD,-4.3167,20.5833,71.08,99,99,1.48,moderate rain
532,Bogo,PH,11.0517,124.0055,83.57,75,87,8.75,overcast clouds
533,Nalut,LY,30.3333,10.85,47.12,81,0,8.25,clear sky
534,Nome,US,64.5011,-165.4064,-7.53,64,1,12.66,clear sky
535,Masuguru,TZ,-11.3667,38.4167,72.37,90,71,3.47,broken clouds
536,Along,IN,28.1667,94.7667,57.7,55,0,1.25,clear sky
537,Chumikan,RU,54.7183,135.315,12.65,93,100,3.44,light snow
538,Mitsamiouli,KM,-11.3847,43.2844,80.35,80,100,12.33,overcast clouds
539,Jalu,LY,29.0331,21.5482,55.02,54,37,8.23,scattered clouds
540,Torrington,US,41.8007,-73.1212,64.22,95,100,1.99,light rain
541,Ahipara,NZ,-35.1667,173.1667,71.73,88,91,6.38,overcast clouds
542,Pathein,MM,16.7833,94.7333,77.13,71,0,5.93,clear sky
543,Kurchum,KZ,48.5722,83.6542,-6.32,84,91,2.71,overcast clouds
544,Warren,US,39.4334,-84.1666,36.09,80,1,6.91,light snow
545,George Town,MY,5.4112,100.3354,83.89,72,20,5.75,few clouds
546,Linden,GY,6.0,-58.3,75.34,99,100,2.57,overcast clouds
547,Kenai,US,60.5544,-151.2583,10.45,71,20,11.5,mist
548,Timizart,DZ,36.8,4.2667,44.82,83,2,5.79,clear sky
549,Fortuna,US,40.5982,-124.1573,48.36,72,90,5.01,light rain
550,Saint-Augustin,CA,51.226,-58.6502,25.23,62,100,8.14,overcast clouds
551,Dalnerechensk,RU,45.9339,133.7225,22.91,93,100,14.5,light snow
552,Fort-De-France,MQ,14.6089,-61.0733,78.75,78,40,8.05,scattered clouds
553,Maymyo,MM,22.0333,96.4667,63.01,82,0,2.64,clear sky
554,Dudinka,RU,69.4058,86.1778,-25.38,92,100,3.42,overcast clouds
555,Vao,NC,-22.6667,167.4833,78.78,87,84,14.79,broken clouds
556,Cascais,PT,38.6979,-9.4215,53.98,74,27,1.01,scattered clouds
557,Baza,ES,37.4907,-2.7726,50.41,84,0,1.99,clear sky
558,College,US,64.8569,-147.8028,-5.01,77,75,3.44,light snow
559,Zambezi,ZM,-13.5432,23.1047,71.38,67,100,5.73,overcast clouds
560,Adrar,MR,20.5022,-10.0711,63.45,20,45,8.59,scattered clouds
561,Vila Velha,BR,-20.3297,-40.2925,76.95,91,75,11.01,broken clouds
562,Channel-Port Aux Basques,CA,47.5702,-59.1367,42.04,96,100,26.13,overcast clouds
563,Ereymentau,KZ,51.6199,73.1033,11.34,96,100,8.01,overcast clouds
564,Dingle,PH,10.9995,122.6711,82.53,82,100,12.44,overcast clouds
565,Sigli,ID,5.3848,95.9609,81.66,74,33,9.19,scattered clouds
566,Randfontein,ZA,-26.1844,27.702,60.35,85,100,8.12,light rain
567,Murray Bridge,AU,-35.1167,139.2667,94.32,15,0,10.42,clear sky
568,Pontes E Lacerda,BR,-15.2261,-59.3353,73.92,96,99,2.86,moderate rain
569,Nowy Dwor Gdanski,PL,54.2131,19.1177,27.21,95,33,7.23,scattered clouds
570,Srivardhan,IN,18.0333,73.0167,74.17,63,38,7.02,scattered clouds
571,Valencia,ES,39.3333,-0.8333,54.01,80,0,4.52,clear sky
572,Pokosnoye,RU,55.5258,101.0536,17.55,95,100,8.61,light snow
573,Hovd,MN,48.0056,91.6419,3.27,66,0,3.98,clear sky
574,Talas,TR,38.6908,35.5538,29.07,93,50,0.0,mist
575,Taoudenni,ML,22.6783,-3.9836,64.0,20,6,10.31,clear sky
576,Mount Gambier,AU,-37.8333,140.7667,82.31,23,0,8.05,clear sky
577,Kargasok,RU,59.0556,80.8572,-0.54,97,89,9.06,overcast clouds
578,Barao De Melgaco,BR,-16.1944,-55.9675,81.12,71,100,5.79,overcast clouds
579,Ostersund,SE,63.1792,14.6357,31.6,100,90,6.91,overcast clouds
580,Hendek,TR,40.7994,30.7481,64.72,60,100,6.24,overcast clouds
581,Peno,RU,56.9262,32.7426,20.16,92,100,7.7,light snow
582,Ozernovskiy,RU,51.5,156.5167,31.51,96,100,16.46,snow
583,Sainte-Adele,CA,45.9501,-74.1325,44.65,78,75,23.76,broken clouds
584,Huambo,AO,-12.7761,15.7392,61.02,95,100,1.66,light rain
585,La Baule-Escoublac,FR,47.2922,-2.364,54.88,96,78,7.78,broken clouds
586,Melenki,RU,55.3343,41.6295,7.56,93,26,6.71,scattered clouds
587,Kunashak,RU,55.7032,61.5498,9.12,91,15,6.11,few clouds
588,Darhan,MN,49.4867,105.9228,4.64,83,20,7.23,few clouds
589,Banamba,ML,13.55,-7.45,70.09,10,99,9.08,overcast clouds
590,Faya,SA,18.3851,42.4509,42.91,41,74,2.75,broken clouds
591,Jericho,PS,31.8667,35.45,68.67,40,45,6.76,scattered clouds
592,Port Hedland,AU,-20.3167,118.5667,104.05,17,8,17.27,clear sky
593,Almeirim,BR,-1.5233,-52.5817,76.5,89,94,3.44,overcast clouds
594,Dicabisagan,PH,17.0818,122.4157,76.01,87,100,10.02,overcast clouds
595,Half Moon Bay,US,37.4636,-122.4286,51.98,80,1,5.75,clear sky
596,Kasempa,ZM,-13.4584,25.8338,73.81,34,89,9.71,overcast clouds
597,Whitianga,NZ,-36.8333,175.7,72.01,93,100,2.51,overcast clouds
598,Banyo,CM,6.75,11.8167,67.21,31,69,3.49,broken clouds
599,Kearney,US,40.6995,-99.0815,36.52,69,1,5.99,clear sky
600,Tsabong,BW,-26.0217,22.401,77.07,56,100,14.14,overcast clouds
601,Ternate,ID,0.8,127.4,83.73,78,100,10.29,overcast clouds
602,Sterling,US,39.0062,-77.4286,60.94,67,90,1.99,overcast clouds
603,Kokopo,PG,-4.352,152.2633,85.23,68,73,6.04,light rain
604,Ostrovnoy,RU,68.0531,39.5131,26.4,93,100,13.22,overcast clouds
605,Am Timan,TD,11.0297,20.2827,73.62,25,93,7.18,overcast clouds
606,Ijui,BR,-28.3878,-53.9147,74.17,52,72,2.82,broken clouds
607,Sayan,PE,-11.1361,-77.1933,69.33,79,100,2.53,overcast clouds
608,Dothan,US,31.2232,-85.3905,63.32,96,90,1.99,overcast clouds
609,Acarau,BR,-2.8856,-40.12,80.69,81,7,16.02,clear sky
610,Sao Felix Do Xingu,BR,-6.6447,-51.995,73.96,99,100,1.1,heavy intensity rain
611,Ulaangom,MN,49.9811,92.0667,-2.31,93,98,4.85,overcast clouds
612,Bloemfontein,ZA,-29.1211,26.214,56.68,100,98,2.3,overcast clouds
613,Coaraci,BR,-14.6408,-39.5511,78.24,99,47,1.12,scattered clouds
614,Umm Bab,QA,25.2142,50.8072,56.88,61,7,15.52,clear sky
615,Teguldet,RU,57.3064,88.1667,12.24,95,100,6.2,overcast clouds
616,Beipiao,CN,41.7919,120.7792,21.63,30,0,21.34,clear sky
617,Walvis Bay,NA,-22.9575,14.5053,59.09,94,0,12.66,clear sky
618,Williams Lake,CA,52.1415,-122.1445,31.57,80,90,4.61,light snow
619,Piacabucu,BR,-10.4056,-36.4344,78.62,79,5,13.42,clear sky
620,Morgan City,US,29.6994,-91.2068,57.99,62,90,12.66,light rain
621,Odweyne,SO,9.4092,45.064,62.06,74,0,9.75,clear sky
622,Waupun,US,43.6333,-88.7296,31.1,83,6,11.97,clear sky
623,Berlevag,NO,70.8578,29.0864,28.74,77,99,11.36,overcast clouds
624,Broome,US,42.2506,-75.833,49.01,71,90,5.99,overcast clouds
625,Kuminskiy,RU,58.6667,66.5667,4.53,95,13,4.34,few clouds
626,High Level,CA,58.5169,-117.136,10.51,92,90,0.0,light snow
627,Russell,US,32.3502,-85.1999,61.88,89,90,3.44,overcast clouds
628,Hanko,FI,59.8333,22.95,34.84,91,100,8.25,overcast clouds
629,Karaton,ID,-6.3424,106.1045,88.9,73,95,5.44,overcast clouds
630,Atikokan,CA,48.7555,-91.6216,19.63,84,17,8.95,few clouds
631,Pak Phanang,TH,8.3511,100.202,84.22,67,75,9.95,broken clouds
632,San Andres,CO,12.5847,-81.7006,80.62,83,40,11.5,scattered clouds
633,Kalmunai,LK,7.4167,81.8167,80.64,80,74,7.27,broken clouds
634,Rodez,FR,44.5,2.5833,35.04,100,100,2.3,mist
635,Nador,MA,35.174,-2.9287,52.05,71,0,3.44,clear sky
636,Qui Nhon,VN,13.7667,109.2333,75.81,87,100,15.75,overcast clouds
637,Wum,CM,6.3833,10.0667,67.28,40,97,3.71,overcast clouds
638,Zaterechnyy,RU,44.7931,45.2097,32.45,90,10,6.29,clear sky
639,Fare,PF,-16.7,-151.0167,81.23,70,91,8.14,light rain
640,Gat,IL,31.61,34.7642,64.4,42,62,1.57,broken clouds
641,Tanete,ID,-3.9443,119.7848,77.07,92,100,5.73,overcast clouds
642,Plato,CO,9.7903,-74.7824,75.58,85,100,3.56,overcast clouds
643,Pailon,BO,-17.65,-62.75,76.1,83,100,6.35,overcast clouds
644,Yeppoon,AU,-23.1333,150.7333,87.58,61,32,17.85,scattered clouds
645,Eyl,SO,7.9803,49.8164,75.38,79,41,18.16,scattered clouds
646,Agirish,RU,61.9247,63.0231,14.36,79,96,13.29,overcast clouds
